,Total Return,CAGR,Sharpe Ratio,Sortino Ratio,Max Drawdown,Calmar Ratio,Win Rate,Avg Trade,Profit Factor,Total Trades
Adaptive_Ensemble,0.6526954428866081,0.0341253301863631,0.3155877371195273,0.39858247822773013,-0.08207792179248703,0.4157674736531493,0.6086956521739131,9275.977459502375,3.4114649667468973,23.0
TrendFollowing_LS,0.4629979655964558,0.02573857050913997,0.18072960223890694,0.18748230900577298,-0.05831447639612906,0.4413753170704712,0.6875,3424.9234155120844,3.398846785240862,48.0
Classic_Momentum,0.988460797800272,0.04697920991115767,0.523065631768406,0.6799984258140358,-0.1048851756164152,0.447910866669752,0.6451612903225806,9829.775431225587,3.9693434708746564,31.0
